year,region,init_depth,breed_season_depth,recession,pre_recession,post_recession,dry_days,reversals
1991,2a,12.312846370452,18.6047267623032,-0.0988804468912936,-0.201877586844614,-0.049881504570654,24.8198403648803,63.6126947928544
1991,2b,6.36740506561109,17.2795003714582,-0.179424958083072,-0.200517806169087,-0.152659419040218,43.3868715083799,67.0935754189944
1991,3an,0.16278980588115,6.20294388049727,-0.125864523352419,-0.145962873477395,-0.122947271575077,88.6510628674808,41.3952962460425
1991,3as,10.1893855061837,18.2192514867496,-0.179983135830694,-0.168061867169235,-0.185090170730815,29.336435970575,66.7422308962618
1991,3ase,16.2699491434844,36.1359036663143,-0.340238052381983,-0.392733242604445,-0.307783137948569,4.12750455373406,79.9280510018215
1991,3b,0.957563863635737,4.5087059280817,-0.11541088360756,-0.00872978287314344,-0.166890330362102,128.938660209847,22.2062146892655
1991,all,4.62397238817963,11.1881779682063,-0.120793802559625,-0.115445380724451,-0.123380715409147,79.8878163100187,43.5612253438607
1991,enp,1.72128862713965,5.16338889112722,-0.0873127300394054,0.00230898222330627,-0.131703266164295,120.969430161302,24.6774670705079
1991,wca1,3.992142577637,18.2391187560249,-0.0762585413329348,-0.357239015936398,0.0662401778480563,37.7452884066248,61.9486007995431
1991,wcas,6.51731277233023,15.135525504179,-0.142699948375,-0.192924927346251,-0.117716328084037,52.9864539990754,55.9173370319001
1992,2a,13.631971886293,7.67450874608485,-0.122886467358566,0.0157390412851235,-0.195439705775595,84.8707715697453,35.7780311668567
1992,2b,47.3269859399209,21.7886990756436,-0.0151347868935356,0.316646830939217,-0.184386142361319,49.8687150837989,31.7486033519553
1992,3an,11.4666877653414,6.13133145886416,-0.155130949173269,0.0571147157598168,-0.269964995255536,94.944369063772,31.8179556761646
1992,3as,50.6423702426115,32.1851388265084,-0.00399972597201192,0.190805873478847,-0.10282998160665,10.4481309112746,42.7087524395736
1992,3ase,78.3876118755514,52.7746181641786,-0.0181607429181678,0.27196092067675,-0.164464099608411,3.48633879781421,41.9663023679417
1992,3b,28.025388983972,16.2882342902175,0.0010682626087434,0.143200124171613,-0.0710615002855614,27.0661824051655,40.1763518966909
1992,all,23.9541713649136,14.3107769891272,-0.072516377891749,0.110282224419234,-0.166811599997066,71.8798649666602,32.9609407694668
1992,enp,9.46793706734734,5.53707289443063,-0.11432845846005,0.0723211528127276,-0.209549647235534,110.700781855322,26.5189124462915
1992,wca1,30.1703788369537,15.6524348448229,0.0268735383456942,0.133948837200663,-0.0305036919879024,52.0733866362079,31.2492861222159
1992,wcas,33.4235041240493,20.0216908259175,-0.0451542519761288,0.135382488531147,-0.138977076092051,46.5266759130837,37.1212205270458
1993,2a,16.5434042141493,38.7564696149521,-0.0221765381456055,-0.785674789045336,0.331263359511562,5.8559483086279,69.8806537438236
1993,2b,67.6736720633906,58.9877889115791,0.181838080021427,-0.052002892285683,0.290033035882136,0.0279329608938547,49.9720670391061
1993,3an,22.6279213576228,40.8687290421694,-0.02502633732944,-0.58755546970457,0.246127728583423,3.74966078697422,70.4936680235188
1993,3as,62.8005502125537,64.289975223994,0.0538278903703263,-0.138164003597309,0.147336208658677,0.0432367512385528,59.0971325626783
1993,3ase,97.1287167936509,106.711882267103,0.0443550708671882,-0.398157073627666,0.257273823518643,0,61.1639344262295
1993,3b,43.5057954026192,42.6038980514113,0.0321784788344628,-0.0339666329259342,0.0626730393170348,0.248587570621469,45.4249394673123
1993,all,32.7277582241839,37.1443591881755,0.00456207482400726,-0.176979453538983,0.08971854802039,23.4379097731775,52.4329994699104
1993,enp,12.6259081813405,18.328686849804,-0.0631563877962389,-0.095412074204821,-0.0497566390836212,51.9021624286821,44.0230330351483
1993,wca1,46.5102650867334,25.3681225692252,0.174105423303852,0.335242862551545,0.0923215436545095,19.8657909765848,40.363221016562
1993,wcas,45.9068686581848,49.4710978029556,0.0490396701784359,-0.230447856348389,0.181267172095772,4.77346278317152,57.9605177993528
1994,2a,15.4430722302241,24.1354104152608,-0.0780632503570085,-0.282940381007525,0.00791337397348348,9.25313568985177,64.1691372101862
1994,2b,55.927625730717,63.6746575823783,-0.0812538515810462,-0.363867331460546,0.0489785748487078,0,74.5097765363129
1994,3an,15.8796663599174,18.0286965494258,-0.0360133377342419,-0.232473848383619,0.0531915227302541,24.6282225237449,59.9231117141565
1994,3as,55.3270998412005,48.7364108315361,0.0557130157110349,-0.0866052509974138,0.122513939437939,0.392733823750188,56.8594805584747
1994,3ase,83.6873370033361,80.5429408658832,0.0139229977658938,-0.242464393206962,0.134921058742799,0,69.075591985428
1994,3b,34.1959303916703,30.1006836963784,0.0523776099107375,-0.00470957936925018,0.0804127859177691,1.50282485875706,44.2203389830508
1994,all,28.2508882889241,25.3996407880455,0.0161989172601342,-0.0799095367115852,0.0589916489297831,33.8039505621739,49.112378986134
1994,enp,13.9411956897846,10.4732206420862,0.0101540090405633,-0.000853587205542619,0.0127501809625145,69.7308586321054,36.6862013101359
1994,wca1,32.0210108035364,22.7742359104976,0.0942346436751108,0.0119107191427289,0.130455329716376,22.9171901770417,51.456881781839
1994,wcas,37.5733770598871,35.1554249291007,0.0197446265862403,-0.131781306598146,0.0887021603219074,10.2323162274619,57.2761904761905
1995,2a,108.199737717017,63.288228299057,0.330473719771744,0.537130913373022,0.243341807963865,0.877993158494869,45.9821360699354
1995,2b,106.065551054544,74.9450337557375,0.203835849863756,0.464713412427967,0.0794193401017003,0.00139664804469274,58.4888268156425
1995,3an,97.6411327291322,42.3280124731786,0.362934929091,0.730617829290108,0.181343531511532,10.3864767073722,40.9457259158752
1995,3as,124.609772060677,74.1474640796031,0.372912491362171,0.587422868219051,0.265708655721163,0.0674072962017715,36.6143221738478
1995,3ase,169.014674077268,107.798311061662,0.40566950703891,0.74341983051203,0.239479932339175,0,41.6502732240437
1995,3b,76.4818931930579,50.9325891559749,0.0956848871209054,0.352631935424754,-0.0313501221536468,0.281275221953188,40.682808716707
1995,all,78.963335443733,47.2036131334079,0.188395363476841,0.393158172449612,0.0881660746264688,16.7181876517033,40.042714058533
1995,enp,44.3348165528072,30.7420555372628,0.0258671156218431,0.174696876100478,-0.0477376210250392,35.5021483411988,37.9448475029936
1995,wca1,54.7214346928708,29.1267840677549,0.163743576805809,0.278616580885382,0.106756903551974,12.8520845231296,44.5239862935465
1995,wcas,101.646201745967,57.9904507312862,0.294889124004644,0.535910029630779,0.17740365491477,4.38677762367083,41.4391123439667
1996,2a,21.4508725278326,25.3358995691992,-0.269519841962481,0.109440948315485,-0.460553276615875,7.8650703154694,69.2500950209046
1996,2b,75.9110508284755,60.4368971598553,-0.0407382259451773,0.439319277924916,-0.280940268958747,0.104748603351955,68.3659217877095
1996,3an,41.18661612895,21.808088682942,-0.113261619079795,0.474382886221396,-0.404382064355798,24.8471279963817,55.4233378561737
1996,3as,80.4384835126826,50.7450836332654,0.0911543230503048,0.506827044903596,-0.115298408882841,0.354151028374118,48.576790271731
1996,3ase,113.839066760788,80.0612475864674,0.0239772871519674,0.628291241329394,-0.274779771759645,0,54.3005464480874
1996,3b,52.8953034229294,34.3851017967041,0.0707155016588744,0.319062646202665,-0.052182437721234,1.11662631154157,33.7554479418886
1996,all,48.6639346504499,30.1484257627175,0.0105075062483651,0.34783775118421,-0.15792294233574,27.2025500097648,43.762491978908
1996,enp,34.6694404565844,17.0309102119775,0.0406990069169631,0.289692875082921,-0.0841554061867254,57.2594914418539,31.1283369725998
1996,wca1,45.7616839014007,33.1678462288053,0.0650843899340351,0.218521814719534,-0.0144663073098389,7.0011422044546,50.4094802969732
1996,wcas,57.8444230198254,38.7572365198944,-0.00931545820553167,0.386021128732595,-0.206344285983484,7.48039759593158,52.0813222376329
1997,2a,11.1839546426898,16.7564054292835,-0.235732014766598,0.0189931585500652,-0.363630180064073,36.9346256176359,51.7031546940327
1997,2b,54.2009923284946,43.7470383982123,-0.12325055347482,0.178218179437104,-0.281406456576157,1.27374301675978,57.1801675977654
1997,3an,21.273638997451,16.828676298404,-0.129145155424841,0.184080559546351,-0.285628650365651,33.2695612844867,56.0275893260968
1997,3as,56.4605875512069,46.5280883671343,-0.0312725023559738,0.139759480383302,-0.118713740599034,0.475754391232548,54.6605614772557
1997,3ase,84.7582213327099,73.03540047501,-0.127618141506988,0.188245844357308,-0.286227404137561,0,60.8734061930783
1997,3b,35.2805496720752,30.3819984758801,-0.0386150401267713,0.0603384418885145,-0.0890634821280376,1.43664245359161,43.2752219531881
1997,all,30.1614873357878,25.1045112995085,-0.0673924354116686,0.113038711791752,-0.158978393603142,33.8841335825684,45.0622994727004
1997,enp,17.0094689850031,12.7208667570343,-0.0551978609006942,0.126293026569767,-0.146562955481712,64.5647672043389,33.6934563640206
1997,wca1,33.0882867870843,28.516346318223,0.0273135023713224,-0.0103946204174123,0.0410370636276806,12.3626499143347,47.6836093660765
1997,wcas,38.7942910655141,33.2370872916084,-0.0754411666603269,0.104248124352391,-0.167155589878072,13.7438280166436,52.5351363846509
1998,2a,57.1752979158222,46.2875082678678,0.251615912854098,-0.302808161511437,0.559501955812155,4.634359559103,46.3523375142531
1998,2b,84.0077922757111,76.5732471664969,0.168502892861819,0.289201174643981,0.124493029397293,0.0670391061452514,57.2164804469274
1998,3an,42.5053856348032,26.5205945522439,0.21227177630968,0.0249645221433974,0.314777380421243,31.3545906829489,33.1413387607417
1998,3as,77.4682029903946,58.7850845737925,0.27629502734983,0.0398665500839119,0.399935031694818,0.484912175349047,32.6411950157634
1998,3ase,109.840629827781,89.2814349537556,0.315501124054035,0.0921209515148158,0.436684077482334,0.0828779599271403,32.8952641165756
1998,3b,52.642296009818,46.9623059784454,0.154073443505598,-0.0838132043283087,0.270993896501822,0.40637610976594,35.3131557707829
1998,all,50.2000845055181,36.9435378651067,0.186733076959446,0.012610753741371,0.282904774703894,24.7713361046787,32.7783946656251
1998,enp,29.9540005559324,20.3227951265188,0.102833758407153,0.0508012033804374,0.134013180093217,49.5539198422202,26.9339297034585
1998,wca1,57.4231277282819,37.045705076477,0.263282720014706,0.0138743928372807,0.410495702067081,8.01142204454597,38.8923472301542
1998,wcas,63.4982366356429,47.8598991707261,0.241970299074747,-0.0126402957072218,0.381005028706887,8.50018492834027,36.6361072584374
1999,2a,28.2241933279643,15.0041801951404,-0.158412016143617,0.258764588921443,-0.36477258697475,54.5860889395667,39.7928544279742
1999,2b,69.5501690869891,49.6525713645324,-0.0391992604865336,0.240357323479179,-0.178499764703506,0.684357541899441,53.377094972067
1999,3an,34.8915895818316,13.6674164470916,-0.00764299773925099,0.34599287743172,-0.183159327438725,73.6650836725464,30.1413387607417
1999,3as,71.5197516010252,44.7595916956507,0.0763444416932416,0.300744570223157,-0.0370010396402555,4.11004353700646,48.5454136015613
1999,3ase,107.969392828603,71.9566896684496,0.0733308270107343,0.476112280903686,-0.127762522810361,0.427140255009107,50.8788706739526
1999,3b,56.2270256578201,38.9288704068123,0.0762018811103352,0.146555083165144,0.0391896235291792,1.26432606941082,40.728813559322
1999,all,42.9247968021579,25.2595813674715,0.0124832300829665,0.221956561953255,-0.0922747324709298,44.1654437407583,39.3130876321736
1999,enp,25.2072990027088,14.5122905291996,-0.000448669851287078,0.133840139849969,-0.0673829347116683,67.8527857998169,36.3635275058111
1999,wca1,46.0650436253224,24.4801378120012,0.0442534755432955,0.217407408211173,-0.0433710736954255,33.1399200456882,37.016276413478
1999,wcas,54.5526925103289,32.3131209795556,0.0210136952846025,0.279763378729743,-0.108533963770579,28.6116504854369,41.251040221914
2000,2a,58.8826254681914,30.0505105494098,0.255468791563913,0.529663939758898,0.116324324144484,17.2744203724819,32.195743063474
2000,2b,78.4445503064374,74.6014850578425,0.0962804831014073,-0.000910240370558356,0.136379364482517,0,62.6717877094972
2000,3an,37.9990352663396,11.6328210080719,0.187428039576853,0.471174328791171,0.0465848774063844,75.644052464948,14.9875621890547
2000,3as,83.6536600650959,41.7583404654592,0.310007101095644,0.66812724045564,0.129435552503411,2.97507881699445,26.311364659961
2000,3ase,114.790675971026,61.3307908254172,0.441841279589389,0.86186336997719,0.232191802663519,1.39981785063752,34.3178506375228
2000,3b,60.1448429591046,36.4487572233079,0.19183834109453,0.288416536612213,0.141376321688435,0.200968523002421,34.5782889426957
2000,all,50.5343990301848,25.4428725384256,0.192634930789482,0.388057975659916,0.0939207384312981,40.2450687721452,26.601540049661
2000,enp,31.421858611036,13.7092720942342,0.111828802620333,0.246660197720731,0.0440851771861041,67.516447136719,24.6213988870888
2000,wca1,41.7300642657321,26.4116744384392,0.200161801646889,0.226697223369665,0.184297936434249,22.7427184466019,29.6581953169617
2000,wcas,63.0870954727829,33.148697432655,0.24585877766195,0.480924963849666,0.126879599684834,22.3270457697642,27.9236245954693
2001,2a,16.3203814284333,7.27718875852306,0.0163452551235395,0.205399973676624,-0.0764068916694876,89.0858988977575,22.5214747244394
2001,2b,58.8848044326186,28.8259630524098,0.220104111806905,0.399907415438148,0.129707813618125,7.31983240223464,32.0405027932961
2001,3an,7.94227032120117,2.43204179224438,0.0195862694530054,0.112418314539733,-0.0259241846591553,137.871777476255,8.4760289461782
2001,3as,44.8158349651525,24.1850751897862,0.115302684386145,0.345678505906088,0.000360718750830784,14.801080918781,29.9894910674073
2001,3ase,66.7117309014437,40.4623101821773,0.119079709636525,0.443836601271221,-0.0436735565472749,4.81785063752277,34.0045537340619
2001,3b,32.2111351376488,14.3166516654064,0.0801489998739023,0.287258050678694,-0.0218971461803322,48.3361581920904,30.8333333333333
2001,all,23.0496091882312,10.1356125678678,0.0608358307113635,0.238442297776997,-0.0268000312068838,91.2113941355355,18.5502050609603
2001,enp,10.5892314566998,2.69422310107094,0.0289830706971808,0.157210868666869,-0.0330501213111128,132.531520743819,11.6838064379799
2001,wca1,28.4354160206445,9.02994003620265,0.105885126843358,0.411781272421667,-0.0473199255053892,86.7392918332382,17.9988577955454
2001,wcas,31.2273625275519,15.0130364766882,0.0817377228129305,0.291997165799432,-0.0228165393376097,64.1551086453999,23.0496070272769
2002,2a,18.4406247343776,13.9739049422962,-0.103658338898995,-0.17253300780514,-0.0735286844587743,53.2409730140631,38.1098441657165
2002,2b,82.7915676905456,59.2935131363067,0.162046675311355,0.100157025461596,0.192225716411512,1.60055865921788,49.4315642458101
2002,3an,24.4323102587869,11.7971262319477,-0.0128176117893735,0.0791847642963319,-0.0581945026224597,70.4341926729986,30.9961555857078
2002,3as,65.4765775801093,42.2899407634612,0.0272483121657127,0.181255923082295,-0.0505594587514561,3.27788620327278,42.3404894160036
2002,3ase,93.272714736466,62.1159629959202,0.060875640330966,0.223324751196536,-0.0213113110790704,0.903460837887067,44.5874316939891
2002,3b,48.2721778247701,30.9301885522071,0.0390125230470661,0.169890059632797,-0.0231834166595812,3.64891041162228,44.6573849878935
2002,all,37.8302738411739,22.1272262103904,-0.00432738202283136,0.129949303328512,-0.0722929651690413,49.1239851574924,34.1773289066205
2002,enp,21.5555316008606,9.64868923054035,-0.0406706547473331,0.183017469284055,-0.152676058239345,83.082411777136,26.4591110798056
2002,wca1,48.5412406289598,26.8619016419193,0.0829505889617906,0.061034792501912,0.0882630099665658,26.7347230154198,36.7598515134209
2002,wcas,48.5225984105125,30.3215211652341,0.0194903763144449,0.0949790261550323,-0.0195283175771346,26.852427184466,39.2706426259824
2003,2a,13.9048786518557,23.1888927963478,-0.213263703784162,-0.0690491794985205,-0.293146457959683,22.6670467502851,66.3249714937286
2003,2b,66.039017149856,58.6957921696479,-0.0861459377683253,0.0551891543690214,-0.164073631528148,0.220670391061453,61.231843575419
2003,3an,23.5505880065117,17.3512185868393,-0.103882642272292,0.16288290819685,-0.236320753081719,34.7236544549977,48.3699683401176
2003,3as,63.9351905578787,48.4234015228277,-0.0310961465958052,0.270239950168728,-0.179494931302569,0.575138868037832,54.5305509683231
2003,3ase,88.1792955659126,74.7707404600081,-0.0893984539377736,0.230907443779571,-0.248686581665484,0,51.6010928961749
2003,3b,43.2281676377858,36.9461962340263,-0.0646835723546295,0.140065186673522,-0.166902659598108,0.149313962873285,49.9023405972559
2003,all,34.5874260627318,26.7878242596306,-0.0580066316854932,0.174671512784583,-0.173670292346884,32.7223167703596,45.7879920765561
2003,enp,16.0488438673646,11.5502754136428,-0.0637967344801066,0.148466820094415,-0.168525540403897,66.3944495315912,35.1148834260759
2003,wca1,53.7988585815778,32.8888107362742,0.109307746853981,0.332314883510656,0.000532687071185327,3.25071387778412,45.451170759566
2003,wcas,46.7661052493987,36.8021015930431,-0.0542205415319973,0.191897713995688,-0.177086237847006,10.6163661581137,52.8345815996301
2004,2a,17.4653758589463,10.1496046473903,0.0627643383024029,-0.062269352033616,0.118267173868583,61.1455720258457,26.3306727480046
2004,2b,74.1593128609258,40.4467840645357,0.382936440129816,0.288200369026611,0.427664388091871,9.7122905027933,29.6606145251397
2004,3an,21.5123914203618,10.2943630430263,0.0875750173185991,0.0484194369293036,0.105803033709975,72.973315241972,21.9950248756219
2004,3as,60.9451762979551,39.173642346904,0.234225680789955,0.120579966162321,0.288431555028256,3.4146524545864,27.624680978832
2004,3ase,88.7314120850276,56.3835866473361,0.376646850978139,0.219034730388885,0.451296974024631,1.35154826958106,25.1639344262295
2004,3b,42.3739114535057,30.0071572597322,0.173971385235701,0.0234666318861209,0.246471689617823,4.0682001614205,30.7146892655367
2004,all,36.1067911792047,20.6560729473807,0.154844436442672,0.0865261199179869,0.186227592093213,50.9897051028095,23.2629244203889
2004,enp,22.7468539053532,10.4700038475439,0.103504890020542,0.104731354620016,0.100917518373121,84.662041276326,18.3021765161654
2004,wca1,46.5428269417336,25.529148255836,0.236250617293977,0.0746658392103631,0.312581937199158,27.5916619074814,26.7841233580811
2004,wcas,44.8843141877646,27.347371372955,0.188559063355753,0.0744446023893378,0.242303099447819,28.8780859916782,26.5454461396209
2005,2a,22.2999620020775,20.6048660174572,-0.259767434091316,0.266270150856949,-0.515038946894326,35.6214367160775,52.2371721778791
2005,2b,80.7506544017259,61.1139242474149,-0.0641895955073462,0.4742063957013,-0.32781013705433,0.0782122905027933,61.0307262569832
2005,3an,17.2863902657456,17.4950081797507,-0.273083141189235,0.207662316131961,-0.507441559827078,44.5323383084577,49.9898236092266
2005,3as,57.2604539358943,44.1486387357197,-0.122387002500546,0.311051307173741,-0.336406072076243,0.630385827953761,43.3765200420357
2005,3ase,84.9525745301516,66.3037492659815,-0.217333348502841,0.40892199764344,-0.525829931628581,0.162112932604736,48.7786885245902
2005,3b,38.1032637749303,30.195701788231,-0.127603182500538,0.197481141593759,-0.289095117149733,0.621872477804681,48.8551251008878
2005,all,30.4818064791348,22.8942475776687,-0.131930314775221,0.229640272311312,-0.30968001550259,45.184471165918,40.2721033395642
2005,enp,14.9188433858537,7.68488210289872,-0.101616467133159,0.177086749061885,-0.239243895790348,91.7556526026625,29.0375431429175
2005,wca1,32.4306027833426,25.7477043996177,0.0113267851062829,0.204944537801011,-0.0834129358912885,5.04968589377499,45.2609937178755
2005,wcas,40.7013981583269,32.8869705151343,-0.151705986721715,0.264211959555473,-0.355765565133532,14.5819232547388,47.6843735552473
2006,2a,35.5144538545917,12.8259429435129,0.141711794209131,0.310663640063988,0.0594584713564556,48.363740022805,27.6761687571266
2006,2b,72.8454009967143,46.9347134717424,0.324954810844505,0.0216740351195419,0.470395264190447,4.18156424581006,31.7974860335196
2006,3an,26.8753801308731,10.3410681706672,0.13845842221106,0.165610579457925,0.122673151357562,85.3891904115785,17.5343735866124
2006,3as,62.9325891645655,37.0711973133961,0.231304059406702,0.160419934488429,0.263470594330437,8.33448431166491,27.400390331782
2006,3ase,89.7164217005662,52.924096783451,0.341514159160642,0.285082998276356,0.36586972325226,2.45355191256831,25.3615664845173
2006,3b,49.3057076251728,30.262500183243,0.184685837397374,0.0739643271250535,0.238596543221503,10.6166263115416,32.0815173527038
2006,all,38.8257208003136,20.3177845190375,0.142329033879143,0.149311212047026,0.137477933719123,50.3476271517451,24.8329380911196
2006,enp,23.5037025187505,10.292973506863,0.068521200074374,0.125751712563542,0.0401374774304941,81.2579418186941,21.9176586602803
2006,wca1,42.1208226298142,24.3463717422084,0.14744464749918,0.121190558375894,0.156729854131321,15.4822958309537,31.8503712164477
2006,wcas,48.8915370738346,26.9016196598396,0.190702964558805,0.164838733667318,0.201223623946224,30.0355062413315,26.783448913546
2007,2a,29.3671435215137,11.3878775016939,0.0958197144488069,0.220523338711345,0.0373166713427035,68.8753325731661,22.4739642721399
2007,2b,49.5197032736666,21.7076460263509,0.204024913408408,0.277247419524482,0.167806216902351,40.4944134078212,21.0893854748603
2007,3an,10.9911119831142,2.80267187433211,0.0513310236467334,0.136879310684657,0.00959026478146709,136.932383536861,7.1318407960199
2007,3as,49.2243301329751,25.9888384938676,0.173833456161638,0.267487045940638,0.129736019826142,20.254166041135,27.9339438522744
2007,3ase,69.2412541012512,37.5108592523059,0.234856345380327,0.312456231733923,0.196452669121673,13.4353369763206,26.9963570127505
2007,3b,36.4418120118665,20.6551646894644,0.0986941152583442,0.17011273476911,0.0626955848500906,15.6033091202583,35.9523809523809
2007,all,27.2208360014618,13.7000143719193,0.0716162556445804,0.173290281598227,0.0233413546624748,66.773847055213,25.3178584381888
2007,enp,11.4501797855173,7.39852254303681,-0.0258839965438887,0.0956810869010631,-0.0836515043629962,84.132915404663,27.9597097978446
2007,wca1,43.5805226690357,17.2170291160159,0.180893149633831,0.255724388400065,0.148108257930573,53.3675042832667,27.3595088520845
2007,wcas,37.5926935249713,17.846860896384,0.135572489283661,0.224356565147523,0.0934507222468799,55.3239944521498,23.6154415164124
2008,2a,31.8154220726045,26.5353498094203,-0.0384134397398374,0.0728576778900925,-0.100384940796594,21.8411250475105,47.4853667806918
2008,2b,50.7295041643707,45.5574274063405,0.0891256390411169,0.0707789095002767,0.093735744611289,0.444134078212291,52.9078212290503
2008,3an,6.50572963733578,11.1158108164774,-0.105487098293188,-0.0597730394948596,-0.133553955282864,64.1359113523293,35.3842152872004
2008,3as,42.1731211604021,36.7485474074538,-0.00358174802280669,0.0582292848199513,-0.0356828202692076,1.4805584747035,43.1309112745834
2008,3ase,61.5077074255883,59.1780426738969,-0.0160060934295685,-0.0437813878063068,-0.00275562543469483,0.132058287795993,62.2167577413479
2008,3b,28.2436329623785,22.5639165424522,-0.0106961535013435,0.126583249915864,-0.079511575747601,18.9507667473769,38.7154963680387
2008,all,23.7081908056582,19.6673286886601,-0.0173695368098304,0.0525729192165616,-0.0544196792728815,57.7501046229389,33.1953240521162
2008,enp,7.50936412837519,4.64980972830254,-0.026112683991426,0.0578535325246592,-0.0688197216275268,116.138339085722,20.0113404240332
2008,wca1,49.0907824661717,33.7993653460147,0.0927901829534909,0.118705988712649,0.0764153279918683,4.9363221016562,36.7658480868075
2008,wcas,34.370910758108,29.5380325040252,-0.0116621817019894,0.0493935759582402,-0.0451611191680057,19.4141007859454,41.8632917244568
2009,2a,16.4908470986053,13.4883406622949,-0.216442403975201,0.19968167412998,-0.41844237320447,90.8513873052071,31.5275560623337
2009,2b,78.5210651632128,43.6800270814617,0.0109142826006864,0.587065086959989,-0.269684490900022,10.909217877095,48.0530726256983
2009,3an,20.6887677148261,9.92774837213435,-0.0719001903245594,0.254063315351308,-0.231172070761315,94.9834916327454,24.7582541836273
2009,3as,63.2209976441401,35.5584186982901,0.0984460680798506,0.363892356369736,-0.0336361962431861,12.6914877645999,38.1797027473352
2009,3ase,85.2757634925495,53.7882652791496,-0.0143172424641236,0.420338387660334,-0.228683956565463,5.02459016393443,45.3469945355191
2009,3b,48.6332237914842,25.8432305767979,0.0729983867871086,0.283047423806379,-0.0305990346375415,17.9172719935432,38.8268765133172
2009,all,36.1035142050349,18.409700238138,0.00748689211973976,0.303332665788414,-0.137354243455533,64.0833635577379,30.4251597243534
2009,enp,20.7391099219693,7.41926023386146,0.00497939116918037,0.269915193408428,-0.123283485630881,97.8020708600409,24.0500105656125
2009,wca1,47.9156650911393,23.0802076088338,0.0737206728711885,0.385258344697859,-0.0815481774493351,28.5976584808681,33.3452312964021
2009,wcas,46.2047457507623,25.6328172988527,0.00899521922457527,0.325467940825883,-0.146900392054115,41.9464632454924,34.629680998613
2010,2a,28.1114661152578,25.2341269679295,0.0219922049079193,0.150491534914436,-0.0423518961982916,7.99771949828962,55.6423413150893
2010,2b,75.1416414356764,65.4091150962219,0.0456807205677851,0.104502345941081,0.0146860190165997,0.459497206703911,58.7918994413408
2010,3an,19.1149553689737,22.7757648642659,-0.03360175877748,0.0274773728619009,-0.0656521921259919,10.8532338308458,55.5117593848937
2010,3as,53.9770323428784,48.9975074257226,0.0576643631665821,0.0839583696769864,0.0414488927717772,0.274433268278036,43.5730370815193
2010,3ase,81.8372870690184,76.4862106263022,0.0389958300027992,0.153178648765674,-0.0211821558986495,0,46.3169398907104
2010,3b,40.1416107898186,39.553009279956,0.0233472510647215,0.0139263735722316,0.0258753948965989,0.0161420500403551,42.4677158999193
2010,all,32.2689688701973,28.5565489930125,0.0293794819161384,0.0716694045472384,0.00622567548754902,26.7626872750607,43.9110844516363
2010,enp,16.4312020224014,11.3871794943718,0.0188422114820927,0.0775571909226637,-0.0120499898513127,62.3417623441572,35.3081636965556
2010,wca1,44.8468384364208,38.4112859807165,0.101788859208252,0.0325038325976982,0.132856387681741,0.521416333523701,52.8595088520845
2010,wcas,42.6936086756071,39.8491532365338,0.0363511392317526,0.0678298392224305,0.0182917556639242,3.39338881183541,49.6018030513176
2011,2a,22.4605578513528,8.93771254099967,0.085959167202476,0.181789481937811,0.0375392966981504,88.3899657924743,15.268719118206
2011,2b,56.1524519467487,27.0603556793421,0.270162586385862,0.281945323558286,0.261442328653744,34.159217877095,16.6564245810056
2011,3an,9.27439353456329,2.68317950752082,0.0453734868509587,0.109628194663408,0.0134919127026205,135.995703301673,6.75146992311171
2011,3as,41.022533531859,18.2073438556119,0.187419076942292,0.254418527571661,0.153624200966482,40.4373217234649,22.2948506230296
2011,3ase,59.011193016622,29.0104897430179,0.259447780142964,0.290024184677501,0.242964580584528,23.356102003643,25.1302367941712
2011,3b,33.3421254685273,13.5153985252103,0.181383244710648,0.20375297252091,0.169708942873105,69.7639225181598,13.8389830508475
2011,all,23.5458198591276,9.59186441711809,0.111359124914643,0.173784985588413,0.0795066736522279,94.4991769662138,15.2580420165723
2011,enp,11.0911042930153,3.87000967173846,0.0492823498727257,0.11939381199588,0.0141335899088015,124.711417905191,13.2826653518349
2011,wca1,34.6699768362693,13.0375408808995,0.191047586887996,0.235946609898831,0.164402234774418,79.3666476299258,18.21987435751
2011,wcas,31.7401323351108,13.3530738435674,0.152175734630133,0.209701506353047,0.122404463564161,74.6326398520573,16.5617198335645
2012,2a,39.8887770162341,22.1848372867249,-0.00504030113038171,0.436729959654617,-0.224889812616889,31.2231090839985,47.003800836184
2012,2b,78.1678676285557,62.1669419654604,0.0225616142514476,0.236812110065048,-0.0872430158505005,0.41340782122905,40.6787709497207
2012,3an,21.9001167500952,11.3688848458551,-0.00869233924915182,0.228428391898748,-0.127575340426275,66.8919041157847,30.2926277702397
2012,3as,63.03596086535,43.770014936392,0.0379619223657614,0.282943909779015,-0.0862429324997048,4.02732322474103,39.1822549166792
2012,3ase,79.7168638719236,65.2133957741611,-0.0541559416619034,0.250216057123103,-0.207545685203566,0.121129326047359,47.1174863387978
2012,3b,44.8916243706335,32.0481943159555,-0.0170532531026724,0.225592638803385,-0.139904344649542,1.11985472154964,40.4148506860371
2012,all,35.8617285365615,23.8031295848293,-0.011075025739482,0.241426333560455,-0.138188349275894,40.442931674246,37.3278185419747
2012,enp,19.0197511982513,10.9965495108069,-0.0503431284207367,0.20044525187839,-0.176317786993378,71.6204832006762,33.4282594914419
2012,wca1,37.9433397503324,27.6959560396249,0.0571717834569482,0.208257988905184,-0.0198797361387336,6.4774414620217,44.9900057110223
2012,wcas,46.9288654957003,32.220888583278,0.0146711177730889,0.268404880649436,-0.113245429601741,19.9453074433657,39.9190938511327
2013,2a,37.5899384983227,26.6923268042252,-0.0770784387945935,0.327291231039528,-0.259013830088518,18.7461041429114,56.8380843785633
2013,2b,85.0179650290718,60.9825057797518,0.0309926007393054,0.270991283307253,-0.093247881592763,1.23463687150838,58.9371508379888
2013,3an,23.6438528032445,18.9196903080765,-0.104346992836565,0.154219300802805,-0.228294753769521,24.0291723202171,49.3952962460425
2013,3as,60.3172098711578,44.6018569491445,0.0214175553153026,0.273720267986982,-0.102505405236846,0.446629635189911,43.1986188260021
2013,3ase,84.5022061457399,66.4621188024209,-0.0893086860613961,0.339118179053894,-0.296984625991793,0,58.1457194899818
2013,3b,45.9612598804046,30.7777711119954,0.0340904911707995,0.260129123787648,-0.0765257366633011,1.29661016949153,43.955205811138
2013,all,37.850940813752,26.6863134027955,-0.0140117698256563,0.218934638480841,-0.127405719424939,28.6379767318584,42.1471138018581
2013,enp,22.8193812719901,13.4549633329336,-0.0156723187331807,0.208951314136954,-0.127167253959788,60.1596111854617,33.4881312953441
2013,wca1,43.9276389443895,33.4378026916651,0.0663701638686482,0.0783291271333445,0.0594529513379585,2.15248429468875,45.1778983438035
2013,wcas,47.7416959144427,35.3915808995271,-0.0129056642614751,0.225292637129738,-0.127457339686116,7.89519186315303,47.875173370319
2014,2a,29.8971170028866,19.6440290808934,0.0259586709899436,-0.0447191126335745,0.0488175126697633,26.4830862789814,49.7863930064614
2014,2b,74.741920279391,60.0002434544057,0.167891813505418,-0.140405482580795,0.306588892696956,2.00418994413408,50.0586592178771
2014,3an,15.4153644901657,9.96237977298817,0.0362245669530148,-0.028326515465834,0.0651394049110913,61.2627770239711,33.0814111261872
2014,3as,54.0768013315469,32.5523763922759,0.178126169936178,0.161660905279767,0.183556172530739,10.9992493619577,35.5509683230746
2014,3ase,73.4184305298741,50.7334422039132,0.212294656178818,0.0547955023434494,0.287775777945319,1.33151183970856,43.7495446265938
2014,3b,52.6512081340208,29.2828352411684,0.187327336224612,0.221236079061185,0.16925059170501,7.58514931396287,29.8438256658596
2014,all,34.087407566692,20.5904962634518,0.0915799161468561,0.0795309620463678,0.0942905856973946,43.3049409926624,34.0533995480289
2014,enp,22.3346886239254,10.5727961298115,0.0577351483953751,0.127004506623231,0.022437028313129,75.6512643516236,27.1956047052194
2014,wca1,36.3349042856509,28.6097862229128,0.0618067170949358,-0.0851078445499778,0.128189116179682,10.5468303826385,44.9740148486579
2014,wcas,41.8259914163633,27.1901385365737,0.113722824256173,0.0482818153550776,0.141381985912302,21.9543226999538,38.6098936662043
2015,2a,33.7812300435222,19.5423261684906,0.152658813575318,0.144979291915969,0.165792903805903,21.9984796655264,41.5534017483846
2015,2b,62.8909631015202,41.7791976082184,0.291049510098245,0.184462386182544,0.361940713523708,2.39245810055866,24.8491620111732
2015,3an,19.7118200459991,11.0051842295037,0.0977809300859579,0.0308865473838919,0.130470220237121,65.3842152872004,25.8848937132519
2015,3as,54.3738597416874,34.3286013775925,0.190900170423412,0.212174768084859,0.181140812628203,7.21498273532503,26.7022969524095
2015,3ase,77.8272400041313,52.5822669731222,0.304231477709808,0.187474416777474,0.363489632875759,1.26867030965392,26.0264116575592
2015,3b,46.6670568587801,26.6227838320728,0.194550721514773,0.22233898553219,0.181547351623691,15.0512510088781,26.8595641646489
2015,all,33.2756155422341,19.2792325088921,0.134289128124542,0.150238669983179,0.129930434593714,51.3661802862484,25.6309460703624
2015,enp,15.3503015727348,6.91123168897765,0.0509214235328565,0.13101955867239,0.0155608733044798,95.2874550961471,22.2812566035078
2015,wca1,52.811230845209,30.6675421483308,0.26808288202667,0.194545905487091,0.310611773798994,13.0151342090234,24.0988006853227
2015,wcas,45.077393742463,27.424708268827,0.189232669233324,0.162756300835337,0.205385797044716,22.4446139620897,27.8711974110032
2016,2a,30.5330960118965,35.4681253981407,0.0358504510539031,-0.366247329597396,0.220223587154058,10.0505511212467,51.8555682250095
2016,2b,77.8725916899782,71.1797960560949,0.0760924021402995,-0.0049044277934163,0.113068817181294,0,51.7374301675978
2016,3an,34.0554708397157,37.9464754656113,-0.0184303453540232,-0.468290104877104,0.194641555022388,10.0504296698327,54.6935775667119
2016,3as,66.0494963894054,66.1564858458264,0.0795273501397086,-0.487642620956258,0.355721195814446,0.080768653355352,60.876294850623
2016,3ase,97.5835355192369,93.0118393428654,0.127762661277464,-0.563577632957638,0.46159695171919,0,65.2896174863388
2016,3b,56.0079796015976,53.7957582301654,0.0998923592049598,-0.21827764361471,0.255573432240911,0.00201775625504439,49.5294592413237
2016,all,43.5910959179951,42.4157426803588,0.0454936434418858,-0.222225102773192,0.173930206515808,11.5071283095723,52.4608710208409
2016,enp,26.565703215906,26.9235228518541,0.00836368814953584,-0.0694418194554638,0.0464080449109661,23.705430724801,49.3955060928365
2016,wca1,58.7965149500927,40.7630984764268,0.149446040890046,0.143189964644853,0.1490809458223,1.16676185037122,44.4934323243861
2016,wcas,54.7941955629896,52.5956813436372,0.0700492784579779,-0.322194783420079,0.257747101350932,3.49893666204346,54.4806287563569
2017,2a,28.431343504885,25.7033535185867,-0.29279406116692,0.224596205872492,-0.548564198405876,28.8084378563284,49.4648422652984
2017,2b,75.2677901923323,52.0110920945729,-0.0161800627992534,0.311417007372802,-0.179333353664178,1.46787709497207,43.2541899441341
2017,3an,14.3564436113279,13.170679812386,-0.26737603212812,0.114803501734145,-0.455710656930828,84.10289461782,31.1917684305744
2017,3as,48.6983625855537,35.6288965593365,-0.192472530702331,0.19289786628198,-0.384101647418677,13.075514187059,44.7800630535956
2017,3ase,69.8233797945394,56.7558907751081,-0.334785908921279,0.237832816894102,-0.6186139752377,1.38706739526412,47.5437158469945
2017,3b,44.9840659017617,29.7063269090999,-0.0181711524659519,0.199538124436736,-0.126560903076591,10.907586763519,40.3934624697337
2017,all,30.6727207434602,21.842056753427,-0.115424830912429,0.161933485481094,-0.253444722308374,51.2995842981893,35.8779678040343
2017,enp,17.1523374448051,8.72161939960455,-0.035116269274268,0.146233871780947,-0.12597882052469,88.7528351060083,27.1958864548848
2017,wca1,41.63573576504,33.9125663556411,0.010127181755873,0.0989744326544295,-0.0356771266144978,2.42147344374643,41.4820102798401
2017,wcas,39.5689274541438,30.4752166942397,-0.167975280660986,0.172240677055028,-0.336864972102071,26.6360610263523,41.6125751271382
2018,2a,38.8095036459168,31.9511458381728,-0.0547624771733345,0.337715452405675,-0.250487042935375,21.5070315469403,51.7183580387685
2018,2b,84.0032908903154,58.5811847599155,0.022201191868914,0.396412978211801,-0.163124064937428,1.27653631284916,44.3030726256983
2018,3an,32.0385670551937,18.9766240395076,-0.0976658007144546,0.339726847397838,-0.312496539972387,57.8627317955676,42.0768882858435
2018,3as,68.0398819251491,43.3385468138004,-0.0246115529267522,0.428558698161196,-0.24804196537409,9.98573787719562,51.0570484912175
2018,3ase,97.6939366380591,70.2274553896903,-0.116763397709632,0.60632248864043,-0.471899918288119,0.600182149362477,49.247723132969
2018,3b,65.1926356508811,43.7991717540483,-0.00455486207426307,0.372299088805641,-0.190853675989044,0.396690879741727,40.8482647296207
2018,all,49.1346631934792,30.1543971123777,0.00783010112484644,0.35115648657926,-0.161419123567716,30.6781519404068,41.5611974444103
2018,enp,36.2277252376017,17.7391276267528,0.0426150839791977,0.29909967224561,-0.0835212414520389,50.0533915615975,35.0159188560964
2018,wca1,60.6811788963087,39.91306225578,0.15173228139691,0.333361739840358,0.0618877312852477,1.21187892632781,39.2815533980583
2018,wcas,57.6198428449838,38.3335918230145,-0.0151103014997427,0.385173085083006,-0.212633500515836,17.8940360610264,45.9058714748035
2019,2a,21.9149502993808,26.5421176698553,-0.107024516950664,-0.148159149841477,-0.089571970049516,9.4519194222729,69.9407069555302
2019,2b,76.3231275121593,64.7728000378032,0.0828031479971919,0.0121029615172576,0.11140071755237,0.0209497206703911,54.981843575419
2019,3an,7.87771543643422,12.6894557163065,-0.0712232447382229,-0.240528855302745,0.00947198659320879,46.6277702397105,48.3007688828584
2019,3as,36.9848037236375,35.9973272142288,-0.00447103661121321,-0.118604319351928,0.0470338020502241,1.33418405644798,51.2672271430716
2019,3ase,56.7391271678042,57.046508949726,-0.0559718308670686,-0.275374385521539,0.0470519969734048,0.075591985428051,69.3469945355191
2019,3b,39.6608339452859,35.5479855574617,-0.00252504576787712,-0.00917153030535224,-0.0021543252137774,0.0706214689265537,47.1166263115416
2019,all,24.0410071393127,23.2106243795383,-0.0338627156511373,-0.093089321310988,-0.00797773278460258,33.4524174873755,47.0795971319365
2019,enp,14.1075833481097,11.0245001679326,-0.0353519199226304,0.0102058573463007,-0.0603183420663673,66.3461294639713,36.3395083468338
2019,wca1,29.4378253930232,30.9043568853028,-0.0198128914959265,-0.256679875597276,0.0929199392310374,3.83095374071959,54.894917190177
2019,wcas,30.5944026772424,31.2441816406517,-0.0330001134141399,-0.160856807953883,0.026188170914658,11.7554785020804,54.1816920943135
2020,2a,31.7075710144391,20.6894234536531,-0.0513942144182799,0.214590756802186,-0.185416541394966,45.2060053211707,42.3340935005701
2020,2b,73.7791550918664,51.6626161885978,0.0593290372785761,0.132106328414658,0.019276420586158,5.93994413407821,38.3198324022346
2020,3an,10.1872392237753,9.59351288006284,-0.157152953182155,0.0545293932864882,-0.263945593791509,95.9556761646314,34.1047037539575
2020,3as,45.4494681066981,28.8005292228389,-0.0471451732405976,0.222970325055818,-0.184270192361872,21.7949256868338,40.4229094730521
2020,3ase,65.0603827387909,45.8466979437185,-0.196937778753154,0.29681576531585,-0.449138297177693,8.40163934426229,53.1548269581056
2020,3b,46.3325869796544,30.2676169664493,-0.0027333324323929,0.208284104738439,-0.110625186953007,10.271186440678,32.4422921711057
2020,all,31.2941423157504,20.0827907553308,-0.0247758372021014,0.151384503237635,-0.115875754178871,52.1605613369417,36.050693301342
2020,enp,19.7226579857685,10.1527257555708,0.0050757439707739,0.14084450091479,-0.0670460843342423,78.6657040219765,30.0550820595901
2020,wca1,47.4402146091603,34.5497648277766,0.10524399919145,0.0510876373683013,0.128675622248364,5.35094231867504,46.4908623643632
2020,wcas,38.9349732930276,26.6353977195564,-0.0443898123399548,0.15835363500051,-0.147985156560866,34.6340268146093,40.0444290337494
2021,2a,58.5903296244095,25.9710993900941,0.150771798168557,0.532909689440927,-0.0373486532271475,17.0570125427594,38.4944887875333
2021,2b,97.7812264085482,56.7249239983727,0.331303225962218,0.486498526079166,0.254881751026743,0.631284916201117,33.4497206703911
2021,3an,57.3889826891488,17.413400676096,0.250399688250874,0.566835277939741,0.0945198182155334,62.4961555857078,17.7607417458164
2021,3as,98.2678969193822,42.4638639725506,0.442809022566254,0.733945372142055,0.300119477948621,11.762197868188,18.1450232697793
2021,3ase,129.086120813922,59.3205163639534,0.543058366718547,0.850784657326605,0.393581281753475,8.43351548269581,18.9216757741348
2021,3b,94.6468069401357,48.7824882701292,0.398694946734068,0.562825761355352,0.318596971371753,1.25262308313156,19.7953995157385
2021,all,67.2236981502459,31.1771135296416,0.275565881797037,0.455793883525682,0.186695106441057,29.8028903830595,23.8037273665709
2021,enp,46.8742772507619,23.2515027257078,0.184592731063762,0.271589518773568,0.141081309345307,43.4388251038952,25.1448897654434
2021,wca1,64.2318751641779,36.1316794427339,0.270997531370772,0.27229286289555,0.269405142920098,10.0596801827527,27.6430611079383
2021,wcas,80.5620649121726,36.4036678544321,0.334960887712879,0.575870219897222,0.216567632563769,20.7428109107721,22.9788257050393
2022,2a,42.2779237985702,30.6831503852275,-0.0272238486789938,0.0550376178037152,-0.0679883259263734,11.0231851007222,54.3063473964272
2022,2b,66.0820356187874,47.2623419680557,0.083085728236335,0.204520626578848,0.0210362116495768,0.930167597765363,40.3603351955307
2022,3an,19.2632313369896,10.7462815300497,-0.0814533044675934,0.132542819185834,-0.190209767585891,67.6015377657169,38.1277702397105
2022,3as,52.2635155989769,29.9388593215457,0.0217491340375017,0.281619225940375,-0.108756076011167,14.8127908722414,41.0151628884552
2022,3ase,77.7680035922914,46.6348875520201,-0.100844796798487,0.418484022850802,-0.358278021612671,6.76593806921676,52.6384335154827
2022,3b,56.4715460714936,37.8864186101768,0.0553591739635741,0.154437253014091,0.00337913237113224,1.33736884584342,37.9414850686037
2022,all,39.8299153635811,26.8448414758046,-0.000363270874847413,0.144718516827103,-0.0742064028484178,25.9499483860168,40.7477052702062
2022,enp,26.5145050154829,21.7667566564268,-0.0296367493066098,0.0422808890266701,-0.0672785998595687,33.7109248432768,40.0145101077692
2022,wca1,64.7384834572766,40.3246196097851,0.173127314521734,0.277471571919504,0.118842526270098,2.72387207310108,34.5468303826385
2022,wcas,48.6274692762907,30.2214838560311,0.0189663833098223,0.2120514155259,-0.0786295331595473,20.7343042071197,41.2766527970411
